name,category,api_status,visible_name,can_call,normalized,notes
a,length,ok,a,True,,
aa,length,ok,aa,True,,
aaaaaaaaaaaaaaaa,length,ok,aaaaaaaaaaaaaaaa,True,,
aaaaaaaaaaaaaaaaaaaaaaaaaaaaaaaa,length,ok,aaaaaaaaaaaaaaaaaaaaaaaaaaaaaaaa,True,,
aaaaaaaaaaaaaaaaaaaaaaaaaaaaaaaaaaaaaaaaaaaaaaaaaaaaaaaaaaaaaaa,length,ok,aaaaaaaaaaaaaaaaaaaaaaaaaaaaaaaaaaaaaaaaaaaaaaaaaaaaaaaaaaaaaaa,True,,
aaaaaaaaaaaaaaaaaaaaaaaaaaaaaaaaaaaaaaaaaaaaaaaaaaaaaaaaaaaaaaaa,length,ok,aaaaaaaaaaaaaaaaaaaaaaaaaaaaaaaaaaaaaaaaaaaaaaaaaaaaaaaaaaaaaaaa,True,,
aaaaaaaaaaaaaaaaaaaaaaaaaaaaaaaaaaaaaaaaaaaaaaaaaaaaaaaaaaaaaaaaa,length,"Error code: 400 - {'error': {'message': ""Invalid 'tools[0].function.name': string too long. Expected a string with maximum length 64, but got a string with length 65 instead."", 'type': 'invalid_request_error', 'param': None, 'code': 'invalid_request_error'}}",,False,,BadRequestError
aaaaaaaaaaaaaaaaaaaaaaaaaaaaaaaaaaaaaaaaaaaaaaaaaaaaaaaaaaaaaaaaaaaaaaaaaaaaaaaaaaaaaaaaaaaaaaaaaaaaaaaaaaaaaaaaaaaaaaaaaaaaaaa,length,"Error code: 400 - {'error': {'message': ""Invalid 'tools[0].function.name': string too long. Expected a string with maximum length 64, but got a string with length 127 instead."", 'type': 'invalid_request_error', 'param': None, 'code': 'invalid_request_error'}}",,False,,BadRequestError
aaaaaaaaaaaaaaaaaaaaaaaaaaaaaaaaaaaaaaaaaaaaaaaaaaaaaaaaaaaaaaaaaaaaaaaaaaaaaaaaaaaaaaaaaaaaaaaaaaaaaaaaaaaaaaaaaaaaaaaaaaaaaaaa,length,"Error code: 400 - {'error': {'message': ""Invalid 'tools[0].function.name': string too long. Expected a string with maximum length 64, but got a string with length 128 instead."", 'type': 'invalid_request_error', 'param': None, 'code': 'invalid_request_error'}}",,False,,BadRequestError
aaaaaaaaaaaaaaaaaaaaaaaaaaaaaaaaaaaaaaaaaaaaaaaaaaaaaaaaaaaaaaaaaaaaaaaaaaaaaaaaaaaaaaaaaaaaaaaaaaaaaaaaaaaaaaaaaaaaaaaaaaaaaaaaaaaaaaaaaaaaaaaaaaaaaaaaaaaaaaaaaaaaaaaaaaaaaaaaaaaaaaaaaaaaaaaaaaaaaaaaaaaaaaaaaaaaaaaaaaaaaaaaaaaaaaaaaaaaaaaaaaaaaaaaaaaaaaa,length,"Error code: 400 - {'error': {'message': ""Invalid 'tools[0].function.name': string too long. Expected a string with maximum length 64, but got a string with length 255 instead."", 'type': 'invalid_request_error', 'param': None, 'code': 'invalid_request_error'}}",,False,,BadRequestError
aaaaaaaaaaaaaaaaaaaaaaaaaaaaaaaaaaaaaaaaaaaaaaaaaaaaaaaaaaaaaaaaaaaaaaaaaaaaaaaaaaaaaaaaaaaaaaaaaaaaaaaaaaaaaaaaaaaaaaaaaaaaaaaaaaaaaaaaaaaaaaaaaaaaaaaaaaaaaaaaaaaaaaaaaaaaaaaaaaaaaaaaaaaaaaaaaaaaaaaaaaaaaaaaaaaaaaaaaaaaaaaaaaaaaaaaaaaaaaaaaaaaaaaaaaaaaaaa,length,"Error code: 400 - {'error': {'message': ""Invalid 'tools[0].function.name': string too long. Expected a string with maximum length 64, but got a string with length 256 instead."", 'type': 'invalid_request_error', 'param': None, 'code': 'invalid_request_error'}}",,False,,BadRequestError
tool,charset,ok,tool,True,,
tool_1,charset,ok,tool_1,True,,
tool-1,charset,ok,tool-1,True,,
Tool123,charset,ok,Tool123,True,,
my.tool,charset,"Error code: 400 - {'error': {'message': ""Invalid 'tools[0].function.name': string does not match pattern. Expected a string that matches the pattern '^[a-zA-Z0-9_-]+$'."", 'type': 'invalid_request_error', 'param': None, 'code': 'invalid_request_error'}}",,False,,BadRequestError
my/tool,charset,"Error code: 400 - {'error': {'message': ""Invalid 'tools[0].function.name': string does not match pattern. Expected a string that matches the pattern '^[a-zA-Z0-9_-]+$'."", 'type': 'invalid_request_error', 'param': None, 'code': 'invalid_request_error'}}",,False,,BadRequestError
my:tool,charset,"Error code: 400 - {'error': {'message': ""Invalid 'tools[0].function.name': string does not match pattern. Expected a string that matches the pattern '^[a-zA-Z0-9_-]+$'."", 'type': 'invalid_request_error', 'param': None, 'code': 'invalid_request_error'}}",,False,,BadRequestError
my@tool,charset,"Error code: 400 - {'error': {'message': ""Invalid 'tools[0].function.name': string does not match pattern. Expected a string that matches the pattern '^[a-zA-Z0-9_-]+$'."", 'type': 'invalid_request_error', 'param': None, 'code': 'invalid_request_error'}}",,False,,BadRequestError
my+tool,charset,"Error code: 400 - {'error': {'message': ""Invalid 'tools[0].function.name': string does not match pattern. Expected a string that matches the pattern '^[a-zA-Z0-9_-]+$'."", 'type': 'invalid_request_error', 'param': None, 'code': 'invalid_request_error'}}",,False,,BadRequestError
"my,tool",charset,"Error code: 400 - {'error': {'message': ""Invalid 'tools[0].function.name': string does not match pattern. Expected a string that matches the pattern '^[a-zA-Z0-9_-]+$'."", 'type': 'invalid_request_error', 'param': None, 'code': 'invalid_request_error'}}",,False,,BadRequestError
my?tool,charset,"Error code: 400 - {'error': {'message': ""Invalid 'tools[0].function.name': string does not match pattern. Expected a string that matches the pattern '^[a-zA-Z0-9_-]+$'."", 'type': 'invalid_request_error', 'param': None, 'code': 'invalid_request_error'}}",,False,,BadRequestError
my#tool,charset,"Error code: 400 - {'error': {'message': ""Invalid 'tools[0].function.name': string does not match pattern. Expected a string that matches the pattern '^[a-zA-Z0-9_-]+$'."", 'type': 'invalid_request_error', 'param': None, 'code': 'invalid_request_error'}}",,False,,BadRequestError
my%tool,charset,"Error code: 400 - {'error': {'message': ""Invalid 'tools[0].function.name': string does not match pattern. Expected a string that matches the pattern '^[a-zA-Z0-9_-]+$'."", 'type': 'invalid_request_error', 'param': None, 'code': 'invalid_request_error'}}",,False,,BadRequestError
my tool,charset,"Error code: 400 - {'error': {'message': ""Invalid 'tools[0].function.name': string does not match pattern. Expected a string that matches the pattern '^[a-zA-Z0-9_-]+$'."", 'type': 'invalid_request_error', 'param': None, 'code': 'invalid_request_error'}}",,False,,BadRequestError
 tool,charset,"Error code: 400 - {'error': {'message': ""Invalid 'tools[0].function.name': string does not match pattern. Expected a string that matches the pattern '^[a-zA-Z0-9_-]+$'."", 'type': 'invalid_request_error', 'param': None, 'code': 'invalid_request_error'}}",,False,,BadRequestError
tool ,charset,"Error code: 400 - {'error': {'message': ""Invalid 'tools[0].function.name': string does not match pattern. Expected a string that matches the pattern '^[a-zA-Z0-9_-]+$'."", 'type': 'invalid_request_error', 'param': None, 'code': 'invalid_request_error'}}",,False,,BadRequestError
Â∑•ÂÖ∑,unicode,"Error code: 400 - {'error': {'message': ""Invalid 'tools[0].function.name': string does not match pattern. Expected a string that matches the pattern '^[a-zA-Z0-9_-]+$'."", 'type': 'invalid_request_error', 'param': None, 'code': 'invalid_request_error'}}",,False,,BadRequestError
caf√©,unicode,"Error code: 400 - {'error': {'message': ""Invalid 'tools[0].function.name': string does not match pattern. Expected a string that matches the pattern '^[a-zA-Z0-9_-]+$'."", 'type': 'invalid_request_error', 'param': None, 'code': 'invalid_request_error'}}",,False,,BadRequestError
cafeÃÅ,unicode,"Error code: 400 - {'error': {'message': ""Invalid 'tools[0].function.name': string does not match pattern. Expected a string that matches the pattern '^[a-zA-Z0-9_-]+$'."", 'type': 'invalid_request_error', 'param': None, 'code': 'invalid_request_error'}}",,False,,BadRequestError
ÔΩîÔΩèÔΩèÔΩå,unicode,"Error code: 400 - {'error': {'message': ""Invalid 'tools[0].function.name': string does not match pattern. Expected a string that matches the pattern '^[a-zA-Z0-9_-]+$'."", 'type': 'invalid_request_error', 'param': None, 'code': 'invalid_request_error'}}",,False,,BadRequestError
üõ†Ô∏ètool,unicode,"Error code: 400 - {'error': {'message': ""Invalid 'tools[0].function.name': string does not match pattern. Expected a string that matches the pattern '^[a-zA-Z0-9_-]+$'."", 'type': 'invalid_request_error', 'param': None, 'code': 'invalid_request_error'}}",,False,,BadRequestError
Œ¥ŒøŒ∫ŒπŒºŒÆ,unicode,"Error code: 400 - {'error': {'message': ""Invalid 'tools[0].function.name': string does not match pattern. Expected a string that matches the pattern '^[a-zA-Z0-9_-]+$'."", 'type': 'invalid_request_error', 'param': None, 'code': 'invalid_request_error'}}",,False,,BadRequestError
tool‚Äãname,unicode,"Error code: 400 - {'error': {'message': ""Invalid 'tools[0].function.name': string does not match pattern. Expected a string that matches the pattern '^[a-zA-Z0-9_-]+$'."", 'type': 'invalid_request_error', 'param': None, 'code': 'invalid_request_error'}}",,False,,BadRequestError
tool‚Äçname,unicode,"Error code: 400 - {'error': {'message': ""Invalid 'tools[0].function.name': string does not match pattern. Expected a string that matches the pattern '^[a-zA-Z0-9_-]+$'."", 'type': 'invalid_request_error', 'param': None, 'code': 'invalid_request_error'}}",,False,,BadRequestError
tool‚Å†name,unicode,"Error code: 400 - {'error': {'message': ""Invalid 'tools[0].function.name': string does not match pattern. Expected a string that matches the pattern '^[a-zA-Z0-9_-]+$'."", 'type': 'invalid_request_error', 'param': None, 'code': 'invalid_request_error'}}",,False,,BadRequestError
Stra√üe,unicode,"Error code: 400 - {'error': {'message': ""Invalid 'tools[0].function.name': string does not match pattern. Expected a string that matches the pattern '^[a-zA-Z0-9_-]+$'."", 'type': 'invalid_request_error', 'param': None, 'code': 'invalid_request_error'}}",,False,,BadRequestError
abc‚Äèdef,directional,"Error code: 400 - {'error': {'message': ""Invalid 'tools[0].function.name': string does not match pattern. Expected a string that matches the pattern '^[a-zA-Z0-9_-]+$'."", 'type': 'invalid_request_error', 'param': None, 'code': 'invalid_request_error'}}",,False,,BadRequestError
‚ÄÆabc,directional,"Error code: 400 - {'error': {'message': ""Invalid 'tools[0].function.name': string does not match pattern. Expected a string that matches the pattern '^[a-zA-Z0-9_-]+$'."", 'type': 'invalid_request_error', 'param': None, 'code': 'invalid_request_error'}}",,False,,BadRequestError
_start,boundary,ok,_start,True,,
-start,boundary,ok,-start,True,,
end_,boundary,ok,end_,True,,
end-,boundary,ok,end-,True,,
0start,boundary,ok,0start,True,,
.,boundary,"Error code: 400 - {'error': {'message': ""Invalid 'tools[0].function.name': string does not match pattern. Expected a string that matches the pattern '^[a-zA-Z0-9_-]+$'."", 'type': 'invalid_request_error', 'param': None, 'code': 'invalid_request_error'}}",,False,,BadRequestError
.hidden,boundary,"Error code: 400 - {'error': {'message': ""Invalid 'tools[0].function.name': string does not match pattern. Expected a string that matches the pattern '^[a-zA-Z0-9_-]+$'."", 'type': 'invalid_request_error', 'param': None, 'code': 'invalid_request_error'}}",,False,,BadRequestError
system,reserved,ok,system,True,,
assistant,reserved,ok,assistant,True,,
user,reserved,ok,user,True,,
function,reserved,ok,function,True,,
tool,reserved,ok,tool,True,,
default,reserved,ok,default,True,,
null,reserved,ok,null,True,,
none,reserved,ok,none,True,,
model,reserved,ok,model,True,,
server,reserved,ok,server,True,,
read,reserved,ok,read,True,,
write,reserved,ok,write,True,,
search,reserved,ok,search,True,,
call,reserved,ok,call,True,,
exec,reserved,ok,exec,True,,
shell,reserved,ok,shell,True,,
server.tool,path,"Error code: 400 - {'error': {'message': ""Invalid 'tools[0].function.name': string does not match pattern. Expected a string that matches the pattern '^[a-zA-Z0-9_-]+$'."", 'type': 'invalid_request_error', 'param': None, 'code': 'invalid_request_error'}}",,False,,BadRequestError
server/tool,path,"Error code: 400 - {'error': {'message': ""Invalid 'tools[0].function.name': string does not match pattern. Expected a string that matches the pattern '^[a-zA-Z0-9_-]+$'."", 'type': 'invalid_request_error', 'param': None, 'code': 'invalid_request_error'}}",,False,,BadRequestError
ns:tool,path,"Error code: 400 - {'error': {'message': ""Invalid 'tools[0].function.name': string does not match pattern. Expected a string that matches the pattern '^[a-zA-Z0-9_-]+$'."", 'type': 'invalid_request_error', 'param': None, 'code': 'invalid_request_error'}}",,False,,BadRequestError
../tool,path,"Error code: 400 - {'error': {'message': ""Invalid 'tools[0].function.name': string does not match pattern. Expected a string that matches the pattern '^[a-zA-Z0-9_-]+$'."", 'type': 'invalid_request_error', 'param': None, 'code': 'invalid_request_error'}}",,False,,BadRequestError
./tool,path,"Error code: 400 - {'error': {'message': ""Invalid 'tools[0].function.name': string does not match pattern. Expected a string that matches the pattern '^[a-zA-Z0-9_-]+$'."", 'type': 'invalid_request_error', 'param': None, 'code': 'invalid_request_error'}}",,False,,BadRequestError
"tl
name",control,"Error code: 400 - {'error': {'message': ""Invalid 'tools[0].function.name': string does not match pattern. Expected a string that matches the pattern '^[a-zA-Z0-9_-]+$'."", 'type': 'invalid_request_error', 'param': None, 'code': 'invalid_request_error'}}",,False,,BadRequestError
"tlname",control,"Error code: 400 - {'error': {'message': ""Invalid 'tools[0].function.name': string does not match pattern. Expected a string that matches the pattern '^[a-zA-Z0-9_-]+$'."", 'type': 'invalid_request_error', 'param': None, 'code': 'invalid_request_error'}}",,False,,BadRequestError
tl	name,control,"Error code: 400 - {'error': {'message': ""Invalid 'tools[0].function.name': string does not match pattern. Expected a string that matches the pattern '^[a-zA-Z0-9_-]+$'."", 'type': 'invalid_request_error', 'param': None, 'code': 'invalid_request_error'}}",,False,,BadRequestError
